feature,lgb_shap_mean,xgb_shap_mean,cb_shap_mean,ensemble_shap
EXT_SOURCE_MEAN,0.39196885737620923,0.45793346,0.317584501145285,0.3891622714090457
CREDIT_TERM,0.13425061779541644,0.13863604,0.12896853769931715,0.13395173106735414
CODE_GENDER,0.13020229978147113,0.1323977,0.1379029675247185,0.13350098789401219
POS_CNT_INSTALMENT_FUTURE_mean,0.12616383637586012,0.12604299,0.1070299642194122,0.11974559749062484
GOODS_CREDIT_RATIO,0.10796234741093061,0.10854314,0.12196626441274515,0.1128239181666764
POS_MONTHS_BALANCE_min,0.10099878212798284,0.10192406,0.0873954458034138,0.09677276323553473
NAME_EDUCATION_TYPE,0.09098712421270928,0.092867136,0.09706265571365338,0.09363897197598318
PAYMENT_RATIO_mean,0.09098831194939842,0.08707518,0.08477713741425584,0.08761354355635426
PREV_CNT_PAYMENT_mean,0.07632075153427206,0.08275622,0.08194173753183587,0.08033957012017033
AMT_ANNUITY,0.07041495475530797,0.08781366,0.08109974642651847,0.07977612056142007
POS_MONTHS_BALANCE_mean,0.07939133854535155,0.077781655,0.062287323417890006,0.07315343895253117
AMT_GOODS_PRICE,0.06477892797571706,0.08335583,0.06726515639734644,0.07179997116424859
NAME_FAMILY_STATUS,0.06806110887015,0.068146676,0.06498628850573318,0.06706469106700073
EXT_SOURCE_2_3_PROD,0.06238522333530168,0.060866587,0.066179901403742,0.06314390386767943
FLAG_OWN_CAR,0.06458851124202312,0.066771016,0.05705521362968498,0.0628049134655241
PAYMENT_TO_ANNUITY,0.06344220345009362,0.06550037,0.058831254248947425,0.06259127628572135
EXT_SOURCE_MAX,0.05070931376141175,0.04454269,0.0855068039397298,0.06025293552584401
PREV_AMT_DOWN_PAYMENT_mean,0.05942451652961322,0.06114176,0.05673191383435045,0.05909939650704815
DAYS_ID_PUBLISH,0.063026865870994,0.06025223,0.052916436034952156,0.058731844173456636
EXT_SOURCE_MIN,0.03821271406140009,0.049501814,0.08663330280903443,0.05811594360619632
BUREAU_DEBT_RATIO,0.047422167319804975,0.05578101,0.05820235410778265,0.05380184398864241
PAYMENT_DIFF_mean,0.0418463425427071,0.04588962,0.05498070925099392,0.047572223843854865
BUREAU_DAYS_CREDIT_mean,0.054065022257213484,0.049731992,0.036611389890616346,0.04680280144431522
POS_CNT_INSTALMENT_mean,0.05508972320123373,0.047691014,0.03139667471650075,0.04472580386058056
EXT_SOURCE_3,0.03836898344468872,0.055651262,0.03184760867700789,0.04195595150807704
FLAG_WORK_PHONE,0.03867925528617958,0.04335373,0.03888015844866755,0.04030438089495692
BUREAU_AMT_CREDIT_SUM_DEBT_mean,0.037222220210153555,0.046806965,0.03671401339134426,0.04024773287492567
REGION_POPULATION_RELATIVE,0.04303314365424339,0.04109278,0.0339937802069247,0.03937323444951318
PREV_AMT_ANNUITY_mean,0.045410539786629935,0.041560527,0.03110548558478754,0.039358850769554594
NAME_INCOME_TYPE,0.0343620055292249,0.035978943,0.047556894310576525,0.03929928098310458
HAS_EXT_SOURCE_1,0.02771646089226551,0.043981288,0.04123044505794552,0.037642731192874423
FLAG_DOCUMENT_3,0.03812761239607725,0.034759946,0.03960836075643837,0.037498639773328214
ANNUITY_INCOME_RATIO,0.039689867985807724,0.039109092,0.03220873434232363,0.03700256484463141
DAYS_BIRTH_YEARS,0.04233171428017132,0.04340502,0.02480786646721412,0.03684819983141277
ORGANIZATION_TYPE,0.039260821825526565,0.039430432,0.0308439988086691,0.036511750885271185
CC_AMT_DRAWINGS_CURRENT_mean,0.033933689793150555,0.03699063,0.0337287780990995,0.03488436642132886
DAYS_BIRTH,0.03219145773129598,0.039794635,0.02887224064753885,0.03361944446882728
OWN_CAR_AGE,0.0332008198907775,0.033002842,0.03394949318373313,0.03338438509739814
PREV_DAYS_DECISION_mean,0.03248579468801578,0.035895728,0.0290919091088417,0.03249114379056092
DAYS_DIFF_mean,0.03180098734625936,0.033813268,0.031116146487824417,0.03224346726010902
CC_UTILIZATION,0.029221992762268466,0.037678827,0.02951615466405034,0.03213899134221066
DOCUMENT_COUNT,0.03202629385212753,0.03385945,0.02865651167464902,0.03151408529894995
PREV_APP_TO_CREDIT_RATIO,0.034749909208103336,0.03316206,0.02424588833246955,0.03071928622187098
DAYS_LAST_PHONE_CHANGE,0.026395151772831468,0.0317689,0.03233721051475662,0.030167087232850383
REGION_RATING_CLIENT_W_CITY,0.029981079967116405,0.034588117,0.02530364719876374,0.02995761477277754
BUREAU_AMT_CREDIT_SUM_max,0.028785661887766583,0.031367704,0.024696889144142,0.028283418434726263
AMT_REQ_CREDIT_BUREAU_QRT,0.028053495887348828,0.029678686,0.026746833382415174,0.0281596716201296
DAYS_EMPLOYED_YEARS,0.025734985031701796,0.032328654,0.023094589020050012,0.02705274271079372
DAYS_EMPLOYED_RATIO,0.029088596518536486,0.031831954,0.018040688808838204,0.02632041300064317
EXT_SOURCE_PROD,0.0222747428733825,0.031553496,0.01987370106759049,0.024567313205432793
PREV_AMT_CREDIT_max,0.02752293458390433,0.03143539,0.01318501186009048,0.024047778505232587
AMT_CREDIT,0.02395949220817427,0.027956832,0.019537591030774445,0.023817971813079163
DAYS_EMPLOYED,0.017920246829011638,0.022358349,0.030065629489728775,0.023448074970618737
EMPLOYED_TO_AGE,0.029586622448921233,0.02519742,0.014470073910029867,0.02308470554273399
WEEKDAY_APPR_PROCESS_START,0.0245616969353241,0.023426646,0.019317355187382364,0.022435232829807302
EXT_SOURCE_1_2_PROD,0.026164290918673044,0.017241405,0.02291035402477049,0.02210535008886377
BUREAU_BB_MONTHS_BALANCE_mean_mean,0.023471620618505825,0.02352127,0.019013691579899496,0.02200219426711561
DEF_30_CNT_SOCIAL_CIRCLE,0.023242899723118566,0.022090694,0.020445144349738906,0.021926246002869795
BUREAU_AMT_CREDIT_SUM_DEBT_sum,0.025724787081700982,0.02189225,0.01759720819401724,0.02173808161997207
PREV_CNT,0.02269026631902702,0.02258763,0.018475904745151542,0.02125126732064632
OCCUPATION_TYPE,0.024224598507975807,0.024597874,0.014687898258736256,0.02117012355932454
BUREAU_AMT_CREDIT_SUM_sum,0.022556930542210106,0.024165738,0.015154728731246759,0.02062579921581723
EXT_SOURCE_1_3_PROD,0.01988569972300857,0.01799037,0.022037114226025493,0.01997106109958405
POS_DPD_RATIO,0.015692601534792662,0.025067462,0.014741267724842825,0.018500443638059787
DAYS_REGISTRATION,0.018706590684716327,0.019164072,0.01678940590180462,0.0182200229787295
BUREAU_DAYS_CREDIT_min,0.021624471415956567,0.022370365,0.007563711553434671,0.01718618249545491
BUREAU_CNT,0.01534276415702577,0.015706556,0.01773361626364907,0.016260978779511305
EXT_SOURCE_2,0.020740005993619165,0.01576624,0.009412202351933059,0.01530614966730937
REG_CITY_NOT_LIVE_CITY,0.0136398684799177,0.01743595,0.014686819947443324,0.015254212574373408
EMPLOYED_SQ,0.009348938002855663,0.0019117566,0.03327201362378259,0.014844236069732135
PREV_CREDIT_DIFF,0.01394287962264371,0.015747333,0.014120228165574891,0.014603480244561547
AGE_SQ,0.007734726627445877,0.00663903,0.029089303136799784,0.01448768653164662
EXT_SOURCE_3_SQ,0.006313086063874404,0.0052455245,0.031285628489682867,0.014281413004048149
AMT_INSTALMENT_mean,0.012801479942892331,0.01596001,0.012056441243221309,0.013605976984906292
PREV_AMT_CREDIT_mean,0.016244373689990422,0.016175635,0.0061589830688658885,0.012859663972623989
HOUR_APPR_PROCESS_START,0.013308333322304806,0.015688255,0.009170213319799843,0.012722267357124178
EXT_SOURCE_1,0.010497592600336027,0.016239788,0.010984794064593989,0.012574058349391829
DEF_60_CNT_SOCIAL_CIRCLE,0.009622203825325356,0.015004647,0.012674826937441633,0.012433892575712731
BUREAU_AMT_CREDIT_SUM_mean,0.012046521249721782,0.013781853,0.011467412765213186,0.01243192901170872
CC_AMT_BALANCE_max,0.010962620390703007,0.012072316,0.010441099271706484,0.011158678677771311
EXT_SOURCE_STD,0.013732212495993145,0.008049289,0.009482970414097392,0.010421490558228838
CREDIT_INCOME_RATIO,0.010029571194341023,0.009895194,0.010381886489339388,0.010102217335183739
AMT_REQ_CREDIT_BUREAU_YEAR,0.010274090352211593,0.011991826,0.007876099525559217,0.01004733858794718
POS_SK_DPD_mean,0.009691988150347646,0.006188821,0.014243261373516102,0.010041356857136077
BUREAU_CREDIT_PER_LOAN,0.011557320813998686,0.0109817125,0.0074641627594023725,0.010001065354573754
AMT_PAYMENT_mean,0.010254985018848133,0.009850751,0.00789919556083581,0.009334977085657174
CC_AMT_CREDIT_LIMIT_ACTUAL_mean,0.01086171458879188,0.010491532,0.006234320117916373,0.009195855660099604
INSTALLMENT_TO_ANNUITY,0.006203788428696796,0.0054043257,0.011795372635406145,0.0078011622439572185
PREV_AMT_APPLICATION_max,0.009349315685609092,0.0087182205,0.004657530918722431,0.007575022373790275
INCOME_PER_PERSON,0.008464931191977864,0.00742165,0.0067655927393080574,0.0075507246412506316
NAME_HOUSING_TYPE,0.00783377979229612,0.008734903,0.00605767127952128,0.007542118123378595
PAYMENT_DIFF_std,0.008563779334011494,0.009517779,0.0038104242576578544,0.00729732741138165
FLAG_PHONE,0.007779530779696853,0.008203257,0.0057041306737470885,0.007228972776240169
NAME_CONTRACT_TYPE,0.005032382954636085,0.0077851824,0.008129397118627528,0.006982320839834997
WALLSMATERIAL_MODE,0.008249355080443709,0.008118751,0.004437439403579668,0.0069351819809490185
EXT_SOURCE_2_SQ,0.0024937212874269065,0.0032310206,0.014997564892658006,0.006907435608130684
PREV_AMT_APPLICATION_mean,0.006152731836586503,0.009472847,0.003706333293173344,0.006443970704874377
OBS_60_CNT_SOCIAL_CIRCLE,0.007007702724447775,0.008508969,0.003012870684309503,0.006176514169028941
CC_AMT_BALANCE_mean,0.00412060863289017,0.002302988,0.011885026604487207,0.006102874401354622
HAS_EXT_SOURCE_3,0.0053940230321508475,0.0069738445,0.0058594250979577146,0.006075764205776203
YEARS_BEGINEXPLUATATION_MEDI,0.008049004182011711,0.0049967854,0.004727577489034984,0.005924455699807234
AMT_INCOME_TOTAL,0.005851719250061725,0.007656067,0.003372677502507467,0.0056268212988982965
ENTRANCES_MEDI,0.0032729664708889077,0.0075204573,0.0051704269772684715,0.005321283570731107
APARTMENTS_MODE,0.005169468322883256,0.006440386,0.0037070422161858342,0.005105632238392801
YEARS_BEGINEXPLUATATION_MODE,0.0038803731002370985,0.0057008974,0.0030123961213126306,0.004197888882320954
NONLIVINGAREA_MODE,0.006994790090773704,0.004527673,0.0006840446602086049,0.00406883595874978
LIVINGAREA_MEDI,0.0058924422471306,0.004784566,0.0014693811822930585,0.0040487964380145364
CNT_CHILDREN,0.004847609568823443,0.0048293835,0.002360899525547455,0.004012630849862594
POS_SK_DPD_max,0.004846230905606291,0.0033512288,0.0037130534615559905,0.003970171048160492
EXT_SOURCE_1_SQ,0.002446127081112856,0.0013574086,0.008021946673395812,0.003941827448064047
YEARS_BUILD_MODE,0.004302714703409781,0.004975073,0.0023665373456972314,0.0038814416962129066
COMMONAREA_MEDI,0.004175450426224433,0.004190859,0.003070330543220367,0.003812213296206093
OBS_30_CNT_SOCIAL_CIRCLE,0.005705005361158969,0.0028878923,0.0023989144149823946,0.003663937360043234
FLOORSMIN_MEDI,0.0035672903597660697,0.0042969706,0.003064192691927146,0.003642817868463124
BASEMENTAREA_AVG,0.003940450287726779,0.0038061803,0.002713766520172625,0.0034867990428598485
FLOORSMAX_MEDI,0.0023744025391465194,0.0042024637,0.003869137806123492,0.0034820013364614956
APARTMENTS_MEDI,0.003152438454570887,0.0035360178,0.003315839513908426,0.003334765270977589
NONLIVINGAPARTMENTS_AVG,0.005372461130449892,0.0037352245,0.0007891018248500217,0.0032989291462782026
APARTMENTS_AVG,0.0037543590066567902,0.003382993,0.0027503716557483507,0.003295907864371819
NONLIVINGAREA_AVG,0.005230430668984377,0.0021958384,0.001625182670974803,0.003017150571037861
COMMONAREA_MODE,0.0044546815367454175,0.0032925585,0.0012507721285436862,0.0029993373824019633
ENTRANCES_AVG,0.001963181399688161,0.003947972,0.0029923074825505573,0.002967820245532543
FONDKAPREMONT_MODE,0.0028616776812822814,0.003009394,0.0030248241958975145,0.0029652986404121104
LIVE_CITY_NOT_WORK_CITY,0.005234312475375695,0.0029341339,0.0006176594283249437,0.0029287019235008324
LANDAREA_MODE,0.0027925518243946275,0.0038011775,0.002152390122359134,0.0029153731451312375
REGION_RATING_CLIENT,0.0015125000398599558,0.0011317108,0.005668096774859776,0.002770769214644331
LIVINGAREA_AVG,0.001736247380138022,0.0033565066,0.0029151167582777806,0.0026692902402551135
TOTALAREA_MODE,0.003253040227387372,0.0026813808,0.001904444555002037,0.0026129552062275035
YEARS_BEGINEXPLUATATION_AVG,0.002766964110963615,0.0043212604,0.0006998727365588512,0.002596032408429056
FLOORSMAX_AVG,0.0036326534144568274,0.0018369869,0.0023174916852046336,0.002595710654238599
BASEMENTAREA_MODE,0.002481807550195791,0.0030264158,0.0018406520726217835,0.0024496251498567854
LANDAREA_MEDI,0.0017376177936108518,0.0028194275,0.002519872971796606,0.0023589727624356003
LIVINGAPARTMENTS_MEDI,0.0028105444590315865,0.0019711473,0.001997473275427621,0.0022597216634770785
COMMONAREA_AVG,0.0021608730417969975,0.0021307545,0.002239697504517203,0.0021771083570520347
CONTACT_COUNT,0.0030188849243460063,0.0018272677,0.0015229169889240167,0.0021230232034503307
LANDAREA_AVG,0.00234657101316314,0.0013787745,0.0021861590420224077,0.001970501527238187
AMT_REQ_CREDIT_BUREAU_MON,0.0017309076693931213,0.0027208908,0.0013295964041617045,0.0019271316243640424
ENTRANCES_MODE,0.003378793144778516,0.0018213729,0.0004527421681597949,0.0018843027345944174
FLOORSMIN_AVG,0.0007499815256642077,0.0019368972,0.002906494803640616,0.0018644578330344788
NAME_TYPE_SUITE,0.002232932008186947,0.0013505829,0.0019851216562685385,0.001856212196996534
BASEMENTAREA_MEDI,0.002442453666436555,0.0024364155,0.0006406918484057352,0.0018398536799985232
NONLIVINGAREA_MEDI,0.002752862307556199,0.0008603649,0.0017503519031751525,0.001787859695185411
BUREAU_CREDIT_DAY_OVERDUE_max,0.0015800238168836172,0.0022467438,0.001531705509935076,0.0017861576978032152
LIVINGAREA_MODE,0.0020022058805722197,0.0016627846,0.0014777602817082954,0.0017142502558558433
FLOORSMAX_MODE,0.00028363771569797484,0.0027718057,0.0019864079108765954,0.0016806171218682706
ELEVATORS_AVG,0.002825086144756225,0.0010431692,0.001162343790681849,0.001676866370858463
YEARS_BUILD_MEDI,0.0013091973052315965,0.0018998759,0.0017976142767543676,0.001668895838430131
EMERGENCYSTATE_MODE,0.002334023382161338,0.0006095651,0.0019069559878410233,0.0016168481629319196
LIVINGAPARTMENTS_AVG,0.0017663716697679456,0.001228164,0.0018291418463238333,0.0016078924887456744
CNT_FAM_MEMBERS,0.0016963512731773005,0.0012834737,0.001824091655090631,0.0016013055375734685
FLAG_OWN_REALTY,0.0026572351410461686,0.00070642226,0.0011728730873939686,0.0015121768291799728
AMT_REQ_CREDIT_BUREAU_WEEK,0.0016731154243418136,0.0015534954,0.0012707319156702284,0.0014991142515223717
FLAG_EMP_PHONE,0.0,0.00044612735,0.0039055611627850408,0.001450562837354333
ELEVATORS_MEDI,0.00022787208531228353,0.0025269666,0.0013013060030050776,0.0013520482368055472
LIVINGAPARTMENTS_MODE,0.0013992456676841663,0.00161323,0.0008339915573529914,0.00128215573462226
REG_REGION_NOT_LIVE_REGION,0.0013008725863871424,0.0017456689,0.00047303517714885544,0.0011731922339731527
REG_CITY_NOT_WORK_CITY,0.0012849379577597358,0.00065319374,0.0012450068524510233,0.001061046183306424
YEARS_BUILD_AVG,0.0014018220956687948,0.0014283202,0.000245848319659075,0.001025330201444832
NONLIVINGAPARTMENTS_MODE,0.000746049207013353,0.0012907818,0.0009924870482439516,0.0010097726759842622
FLAG_DOCUMENT_6,0.0008691448107532253,0.0015254214,0.0003767472418353912,0.0009237711488746123
FLAG_EMAIL,0.0001428396592030505,0.0015083173,0.001033070817275992,0.000894742594061828
FLOORSMIN_MODE,0.0005573843758919226,0.0012852604,0.0006411420770192317,0.0008279289599076762
NONLIVINGAPARTMENTS_MEDI,0.0004303945569182734,0.00071330596,0.0010303216176522204,0.0007246740432858543
FLAG_DOCUMENT_18,0.0,0.0012007833,0.00042880130096861876,0.0005431948667502707
HOUSETYPE_MODE,0.001216767905935152,0.00014537969,0.0,0.000454049197554424
REG_REGION_NOT_WORK_REGION,0.0003079029533500217,0.00053612253,0.00019614829339898498,0.0003467245935691373
FLAG_DOCUMENT_8,0.0007911556626712333,0.00022378814,0.0,0.0003383146014699523
LIVE_REGION_NOT_WORK_REGION,0.00026529745885974556,0.00044586946,0.0001998660598752651,0.00030367765965709726
ELEVATORS_MODE,0.000161533911829339,0.00039844387,0.0003432574626487729,0.0003010784135888004
FLAG_DOCUMENT_11,0.0001247020202617115,0.00057351904,0.00013308591319449573,0.0002771023228995684
AMT_REQ_CREDIT_BUREAU_DAY,0.00024301023918770775,0.00034868307,0.0002361023990167364,0.000275931902166795
FLAG_DOCUMENT_14,0.0,0.00080255803,0.0,0.0002675193439548214
FLAG_DOCUMENT_13,0.00010312557166275465,0.00047667028,5.870258295184047e-05,0.00021283281048462704
HAS_EXT_SOURCE_2,0.0,0.000338008,0.00022488264192969406,0.0001876302096469727
FLAG_DOCUMENT_15,0.0,0.00023453658,0.00015335101889972342,0.00012929586604257658
FLAG_DOCUMENT_16,0.0,0.0,0.00031207090796095936,0.00010402363598698645
FLAG_DOCUMENT_9,0.0,1.1247334e-05,0.0,3.74911148052585e-06
FLAG_CONT_MOBILE,0.0,7.71266e-06,0.0,2.570886560230671e-06
FLAG_MOBIL,0.0,0.0,0.0,0.0
FLAG_DOCUMENT_17,0.0,0.0,0.0,0.0
FLAG_DOCUMENT_20,0.0,0.0,0.0,0.0
FLAG_DOCUMENT_21,0.0,0.0,0.0,0.0
FLAG_DOCUMENT_7,0.0,0.0,0.0,0.0
FLAG_DOCUMENT_2,0.0,0.0,0.0,0.0
FLAG_DOCUMENT_4,0.0,0.0,0.0,0.0
AMT_REQ_CREDIT_BUREAU_HOUR,0.0,0.0,0.0,0.0
FLAG_DOCUMENT_19,0.0,0.0,0.0,0.0
FLAG_DOCUMENT_5,0.0,0.0,0.0,0.0
FLAG_DOCUMENT_10,0.0,0.0,0.0,0.0
FLAG_DOCUMENT_12,0.0,0.0,0.0,0.0
